,document,bleu,mover,sts-b,rouge-1,rouge-4,rouge-l,rouge-w
2,cleaned/priors/txts/disemvowel.txt,0.39219116612037935,0.6566374375506371,0.7882383971895043,0.8287739058426898,0.4886661723072436,0.8286423268953215,0.8286423268953215
3,cleaned/priors/txts/phonetic.txt,0.17294182583912135,0.4192698802338293,0.555692365515701,0.6484283722383145,0.1951178469933742,0.6464130173446702,0.6464130173446702
4,cleaned/priors/txts/typo_truncate.txt,0.043908375734487325,0.3065182140505441,0.5202759520202384,0.5375728466375977,0.07714425049709489,0.5343959186002034,0.5343959186002034
5,cleaned/bayesian_shielding/disemvowel.txt,0.5147355869894844,0.7945336187644374,0.7763363137346188,0.8997568219143233,0.6875422260163075,0.8996179330254344,0.8996179330254344
6,cleaned/bayesian_shielding/phonetic.txt,0.3387671390396145,0.587871580792429,0.6541385367154086,0.7483034788570742,0.42490623776046355,0.7474960166531772,0.7474960166531772
7,cleaned/bayesian_shielding/typo_truncate.txt,0.29274393869108206,0.5774712061967867,0.5871118835326226,0.7328578233634869,0.38482860741679153,0.7308279229663261,0.7308279229663261
